mean_fit_time,std_fit_time,mean_score_time,std_score_time,param_subsample,param_reg_lambda,param_reg_alpha,param_n_estimators,param_min_child_weight,param_max_depth,param_learning_rate,param_gamma,param_colsample_bytree,params,split0_test_score,split1_test_score,split2_test_score,split3_test_score,split4_test_score,mean_test_score,std_test_score,rank_test_score,split0_train_score,split1_train_score,split2_train_score,split3_train_score,split4_train_score,mean_train_score,std_train_score,model
24.427076053619384,0.5571959375113816,0.6587882041931152,0.014340052628515352,0.8,6.0,0.05,950,1,4,0.05,0.1,0.75,"{'subsample': 0.8, 'reg_lambda': 6.0, 'reg_alpha': 0.05, 'n_estimators': 950, 'min_child_weight': 1, 'max_depth': 4, 'learning_rate': 0.05, 'gamma': 0.1, 'colsample_bytree': 0.75}",0.7455364820214198,0.7448974724607476,0.750805235596755,0.7608005139736589,0.7514135907280783,0.750690658956132,0.005707389530661174,20,0.8478755616763349,0.8472142651098278,0.8473350514688618,0.8461702496492816,0.8470363373045302,0.8471262930417673,0.0005540457842753001,XGB
26.937163257598876,0.16230017602725338,0.644706392288208,0.01012362115475767,0.8,4.0,0.05,1100,1,4,0.05,0.1,0.7,"{'subsample': 0.8, 'reg_lambda': 4.0, 'reg_alpha': 0.05, 'n_estimators': 1100, 'min_child_weight': 1, 'max_depth': 4, 'learning_rate': 0.05, 'gamma': 0.1, 'colsample_bytree': 0.7}",0.7458472994530132,0.7449690411236862,0.7516677833356279,0.759668334021691,0.7520355600426272,0.7508376035953291,0.005281084336200085,15,0.8599702174991266,0.8591968769323508,0.8592007432195934,0.8578605229406655,0.8590787094124578,0.8590614140008388,0.0006791354953438915,XGB
27.71620879173279,1.0316578399745437,0.649525785446167,0.009935835794451555,0.8,8.0,0.05,1100,2,4,0.05,0.2,0.75,"{'subsample': 0.8, 'reg_lambda': 8.0, 'reg_alpha': 0.05, 'n_estimators': 1100, 'min_child_weight': 2, 'max_depth': 4, 'learning_rate': 0.05, 'gamma': 0.2, 'colsample_bytree': 0.75}",0.7458969764049772,0.7451493953778614,0.7521318995099915,0.7600702838582697,0.7516192923684089,0.7509735695039017,0.005370320292276895,10,0.856447615392293,0.8556252610725015,0.8558489487881065,0.8548442671470886,0.8558463058131682,0.8557224796426315,0.0005172732079684508,XGB
17.50919461250305,0.3793880694477365,0.5734823703765869,0.03975080584820702,0.8,4.0,0.05,800,1,3,0.07,0.1,0.75,"{'subsample': 0.8, 'reg_lambda': 4.0, 'reg_alpha': 0.05, 'n_estimators': 800, 'min_child_weight': 1, 'max_depth': 3, 'learning_rate': 0.07, 'gamma': 0.1, 'colsample_bytree': 0.75}",0.7448136069168425,0.7432359150495572,0.7520356212299675,0.7593386056424926,0.7521227112110505,0.7503092920099821,0.005797110016483114,32,0.8076256318799018,0.8071687013060349,0.8066812819505524,0.8052823630273618,0.8063226556805925,0.8066161267688887,0.0007992165393482743,XGB
17.742164897918702,0.7452118804931901,0.5527173995971679,0.011173057999582646,0.8,4.0,0.05,800,2,3,0.05,0.3,0.7,"{'subsample': 0.8, 'reg_lambda': 4.0, 'reg_alpha': 0.05, 'n_estimators': 800, 'min_child_weight': 2, 'max_depth': 3, 'learning_rate': 0.05, 'gamma': 0.3, 'colsample_bytree': 0.7}",0.7437647115203727,0.7417948144073359,0.7496218928303734,0.7580737001514386,0.7500118193545755,0.7486533876528192,0.005700259780580927,82,0.7939775180327246,0.7937987102173947,0.7926987501857794,0.7911031937997224,0.792749499510919,0.7928655343493081,0.0010251292763941353,XGB
26.857352685928344,0.6343651371834477,0.6561185836791992,0.01884945496715688,0.8,6.0,0.05,1100,2,4,0.06,0.1,0.65,"{'subsample': 0.8, 'reg_lambda': 6.0, 'reg_alpha': 0.05, 'n_estimators': 1100, 'min_child_weight': 2, 'max_depth': 4, 'learning_rate': 0.06, 'gamma': 0.1, 'colsample_bytree': 0.65}",0.7454313569445004,0.7445772437346829,0.7494940112890643,0.7594220243831552,0.7515152636919422,0.7500879800086689,0.005321027618429688,45,0.8697858998350934,0.8693879262357135,0.8698437853315466,0.8685351341677834,0.8698302556197155,0.8694766002379705,0.0004999569386961044,XGB
17.79372124671936,0.587945346835826,0.5723851203918457,0.03135916347707924,0.8,8.0,0.05,800,1,3,0.06,0.2,0.75,"{'subsample': 0.8, 'reg_lambda': 8.0, 'reg_alpha': 0.05, 'n_estimators': 800, 'min_child_weight': 1, 'max_depth': 3, 'learning_rate': 0.06, 'gamma': 0.2, 'colsample_bytree': 0.75}",0.7449949400272142,0.7431469818855523,0.7507876544342975,0.7573278978579332,0.7508599472769084,0.7494234842963812,0.00500820579986022,69,0.7998416490515092,0.7993176340779776,0.7988071139427475,0.7972882803085557,0.7985622209962977,0.7987633796754176,0.0008588548693015292,XGB
17.3899076461792,0.32717909189456523,0.5572736740112305,0.021253757891732488,0.8,4.0,0.0,800,2,3,0.06,0.2,0.65,"{'subsample': 0.8, 'reg_lambda': 4.0, 'reg_alpha': 0.0, 'n_estimators': 800, 'min_child_weight': 2, 'max_depth': 3, 'learning_rate': 0.06, 'gamma': 0.2, 'colsample_bytree': 0.65}",0.74484069880136,0.7430530626727974,0.751117760135428,0.759041490115695,0.7509347386025831,0.7497975500655727,0.0056310756467009586,54,0.8005024994764209,0.8004716455983734,0.7996265604514077,0.7983164205031124,0.7991305211536142,0.7996095294365857,0.0008297601428013532,XGB
20.915116930007933,0.7084562543736586,0.6030964374542236,0.021895909845930962,0.8,8.0,0.05,800,3,4,0.06,0.2,0.75,"{'subsample': 0.8, 'reg_lambda': 8.0, 'reg_alpha': 0.05, 'n_estimators': 800, 'min_child_weight': 3, 'max_depth': 4, 'learning_rate': 0.06, 'gamma': 0.2, 'colsample_bytree': 0.75}",0.7450634803537953,0.7444170376038823,0.7504611995778073,0.7595385046833809,0.7520495821414548,0.750305960872064,0.005485748784945898,33,0.8460841138792994,0.8454638566034629,0.8455088443743446,0.8445321348023014,0.845739054693202,0.8454656008705221,0.000515861857239869,XGB
22.985266351699828,0.8215598894382189,0.6219879150390625,0.03729862449961297,0.8,6.0,0.05,1100,3,3,0.06,0.2,0.75,"{'subsample': 0.8, 'reg_lambda': 6.0, 'reg_alpha': 0.05, 'n_estimators': 1100, 'min_child_weight': 3, 'max_depth': 3, 'learning_rate': 0.06, 'gamma': 0.2, 'colsample_bytree': 0.75}",0.7468897813021131,0.744342705711473,0.7523279743421087,0.7602173986202254,0.7530051958249838,0.7513566111601808,0.00550131567653867,5,0.8144988402230555,0.8140779980428405,0.813086626355616,0.8118104677868071,0.813374059917969,0.8133695984652576,0.0009260667903510025,XGB
23.653170585632324,0.4120740420960258,0.6190417289733887,0.014575153404327896,0.8,6.0,0.0,950,3,4,0.05,0.2,0.7,"{'subsample': 0.8, 'reg_lambda': 6.0, 'reg_alpha': 0.0, 'n_estimators': 950, 'min_child_weight': 3, 'max_depth': 4, 'learning_rate': 0.05, 'gamma': 0.2, 'colsample_bytree': 0.7}",0.7442507748003668,0.7449651970738319,0.750807020227515,0.759333435312234,0.7520511322207434,0.7502815119269381,0.0054768243688957455,34,0.8471763265032455,0.8463789873427081,0.8463341810142753,0.8449711006273035,0.84631152548664,0.8462344241948344,0.0007099240707026755,XGB
17.496728372573852,0.40465306740566115,0.5775872707366944,0.02839771821135634,0.8,8.0,0.05,800,2,3,0.07,0.1,0.7,"{'subsample': 0.8, 'reg_lambda': 8.0, 'reg_alpha': 0.05, 'n_estimators': 800, 'min_child_weight': 2, 'max_depth': 3, 'learning_rate': 0.07, 'gamma': 0.1, 'colsample_bytree': 0.7}",0.7455366553605377,0.7439303217530907,0.7520487969039206,0.7595785925891934,0.751462234663648,0.7505113202540781,0.005541485943955947,28,0.8054765302114979,0.8049366670138073,0.8047076118952865,0.8033970901910259,0.8045334540591429,0.8046102706741521,0.0006847076963047215,XGB
23.532275676727295,0.15988560693040063,0.6205837249755859,0.011746174295979624,0.8,6.0,0.05,950,3,4,0.06,0.3,0.65,"{'subsample': 0.8, 'reg_lambda': 6.0, 'reg_alpha': 0.05, 'n_estimators': 950, 'min_child_weight': 3, 'max_depth': 4, 'learning_rate': 0.06, 'gamma': 0.3, 'colsample_bytree': 0.65}",0.7456137096967432,0.7453851773641544,0.7501018667237748,0.7584963619027223,0.7522483084249869,0.7503690848224762,0.004839595969482484,31,0.8588206482743308,0.8576814735113625,0.8577437030660038,0.8569330923915717,0.8579401537934817,0.8578238142073502,0.0006045290858511631,XGB
23.76463179588318,0.39369449689420755,0.6367845058441162,0.02468783498652933,0.8,4.0,0.0,950,2,4,0.07,0.3,0.65,"{'subsample': 0.8, 'reg_lambda': 4.0, 'reg_alpha': 0.0, 'n_estimators': 950, 'min_child_weight': 2, 'max_depth': 4, 'learning_rate': 0.07, 'gamma': 0.3, 'colsample_bytree': 0.65}",0.744758709398498,0.7436894211646043,0.7488803634528016,0.7576585746409068,0.7500037936151009,0.7489981724543824,0.004943351214935553,75,0.8729292618281378,0.8720350162516637,0.8723059526143337,0.871338969852878,0.8723693655305083,0.8721957132155043,0.0005177323869044553,XGB
17.8202534198761,0.49464988026626344,0.5505671024322509,0.01271905401631041,0.8,4.0,0.0,800,1,3,0.05,0.3,0.75,"{'subsample': 0.8, 'reg_lambda': 4.0, 'reg_alpha': 0.0, 'n_estimators': 800, 'min_child_weight': 1, 'max_depth': 3, 'learning_rate': 0.05, 'gamma': 0.3, 'colsample_bytree': 0.75}",0.7432857143585458,0.7419789107471784,0.7494974479780134,0.7570632524130757,0.7498314798668155,0.7483313610727258,0.005397559028850076,90,0.7945184137295359,0.7939541567840992,0.7932274560674726,0.7915807418327805,0.7927368754338572,0.793203528769549,0.0010143116057378134,XGB
18.49438343048096,1.8856321231935353,0.5676144123077392,0.020916568993568748,0.8,6.0,0.05,800,3,3,0.07,0.1,0.65,"{'subsample': 0.8, 'reg_lambda': 6.0, 'reg_alpha': 0.05, 'n_estimators': 800, 'min_child_weight': 3, 'max_depth': 3, 'learning_rate': 0.07, 'gamma': 0.1, 'colsample_bytree': 0.65}",0.7456987478288002,0.7447152420655292,0.7516538428199206,0.7589098149592849,0.7520349073776637,0.7506025110102398,0.005116154528476885,24,0.8059794637199567,0.805717059804516,0.8046830673448114,0.8039310195650251,0.8046727127719103,0.804996664641244,0.0007514985997097188,XGB
23.989103603363038,0.539826118847833,0.634229040145874,0.0227859476733764,0.8,6.0,0.05,950,1,4,0.07,0.3,0.75,"{'subsample': 0.8, 'reg_lambda': 6.0, 'reg_alpha': 0.05, 'n_estimators': 950, 'min_child_weight': 1, 'max_depth': 4, 'learning_rate': 0.07, 'gamma': 0.3, 'colsample_bytree': 0.75}",0.7455037209280985,0.7438428466769617,0.7481189073980593,0.7575208521356931,0.752090353305901,0.7494153360889426,0.004917096831645365,70,0.8721193013218667,0.8711913363636121,0.8716723734615999,0.8706909967794838,0.8716511238666181,0.8714650263586361,0.00048574249018875075,XGB
23.546431970596313,2.0879666601111038,0.6035445690155029,0.01768814175727403,0.8,6.0,0.0,1100,1,3,0.06,0.2,0.75,"{'subsample': 0.8, 'reg_lambda': 6.0, 'reg_alpha': 0.0, 'n_estimators': 1100, 'min_child_weight': 1, 'max_depth': 3, 'learning_rate': 0.06, 'gamma': 0.2, 'colsample_bytree': 0.75}",0.7466066573437411,0.7449491377143607,0.7526896425129641,0.7598495709237759,0.7527708585093744,0.7513731734008433,0.005282496367748331,4,0.8143679142357791,0.81420271883787,0.8134264070097278,0.8126495661238295,0.8135005549801245,0.8136294322374662,0.0006151389077674007,XGB
19.919087839126586,0.1785621557519242,0.5871365547180176,0.02004113419440256,0.8,4.0,0.0,950,2,3,0.07,0.2,0.65,"{'subsample': 0.8, 'reg_lambda': 4.0, 'reg_alpha': 0.0, 'n_estimators': 950, 'min_child_weight': 2, 'max_depth': 3, 'learning_rate': 0.07, 'gamma': 0.2, 'colsample_bytree': 0.65}",0.7466977317556756,0.745128319380384,0.7513986814128156,0.7595281742207538,0.7521608309240818,0.7509827475387422,0.005044222198725152,9,0.8149509932577806,0.8144565727683073,0.8134016279247032,0.812247810352304,0.8136022104116514,0.8137318429429493,0.0009316394250417125,XGB
23.52181077003479,2.4501861807755936,0.5969884872436524,0.011433668147339275,0.8,8.0,0.05,1100,2,3,0.07,0.2,0.75,"{'subsample': 0.8, 'reg_lambda': 8.0, 'reg_alpha': 0.05, 'n_estimators': 1100, 'min_child_weight': 2, 'max_depth': 3, 'learning_rate': 0.07, 'gamma': 0.2, 'colsample_bytree': 0.75}",0.7463754535494498,0.7447670092833295,0.7512355865571413,0.7591914806826467,0.7527450170559711,0.7508629094257075,0.005105753134363403,13,0.8209203155419289,0.8207416568653607,0.8200722430145032,0.818628108634364,0.8197781965975665,0.8200281041307447,0.0008160377581227847,XGB
17.510333776474,0.29859345867493525,0.5865172863006591,0.05619869954368889,0.8,6.0,0.0,800,2,3,0.06,0.3,0.7,"{'subsample': 0.8, 'reg_lambda': 6.0, 'reg_alpha': 0.0, 'n_estimators': 800, 'min_child_weight': 2, 'max_depth': 3, 'learning_rate': 0.06, 'gamma': 0.3, 'colsample_bytree': 0.7}",0.7450156591500368,0.743284929234305,0.7506534094095931,0.7585720710385022,0.7509002187447418,0.7496852575154358,0.005369511234237496,58,0.8003292620575821,0.7996269956710245,0.7994409448377289,0.7974906434735791,0.7989249605433859,0.7991625613166601,0.0009493314146974804,XGB
26.19762077331543,0.18077524612059898,0.6493068695068359,0.013629107557226561,0.8,8.0,0.05,1100,2,4,0.06,0.3,0.65,"{'subsample': 0.8, 'reg_lambda': 8.0, 'reg_alpha': 0.05, 'n_estimators': 1100, 'min_child_weight': 2, 'max_depth': 4, 'learning_rate': 0.06, 'gamma': 0.3, 'colsample_bytree': 0.65}",0.7456068067212752,0.7445521299553958,0.7493724218459201,0.7589667497794705,0.7514221059662756,0.7499840428536675,0.0051341406950133955,49,0.8681536379086768,0.8674465659397916,0.8682158211143807,0.8660016046496983,0.8676712956223872,0.867497785046987,0.0008021226674534751,XGB
27.045064306259157,0.7818110823744135,0.6542909622192383,0.020748773921650754,0.8,6.0,0.0,1100,3,4,0.07,0.3,0.75,"{'subsample': 0.8, 'reg_lambda': 6.0, 'reg_alpha': 0.0, 'n_estimators': 1100, 'min_child_weight': 3, 'max_depth': 4, 'learning_rate': 0.07, 'gamma': 0.3, 'colsample_bytree': 0.75}",0.7432819008979477,0.7433549072559245,0.7485760890071844,0.7569220422294627,0.7515353025459033,0.7487340483872845,0.00516868050363069,81,0.8837171319519854,0.8835687656523998,0.8837695030136415,0.8824332009912653,0.8843560592638215,0.8835689321746226,0.0006279564059082029,XGB
20.921407890319824,2.1722001146489167,0.5798956394195557,0.010763133004759406,0.8,4.0,0.0,950,1,3,0.05,0.1,0.75,"{'subsample': 0.8, 'reg_lambda': 4.0, 'reg_alpha': 0.0, 'n_estimators': 950, 'min_child_weight': 1, 'max_depth': 3, 'learning_rate': 0.05, 'gamma': 0.1, 'colsample_bytree': 0.75}",0.7446961339768633,0.7434006891759406,0.7506700319703854,0.7580830618145107,0.7507587944054375,0.7495217422686276,0.005232568125578608,65,0.8011802803375329,0.800842372693177,0.80004923759701,0.7984758217822943,0.799636059100667,0.8000367543021362,0.0009543474832831756,XGB
17.263684368133546,0.24288912762244466,0.5759748935699462,0.05461702303422724,0.8,8.0,0.0,800,1,3,0.07,0.3,0.75,"{'subsample': 0.8, 'reg_lambda': 8.0, 'reg_alpha': 0.0, 'n_estimators': 800, 'min_child_weight': 1, 'max_depth': 3, 'learning_rate': 0.07, 'gamma': 0.3, 'colsample_bytree': 0.75}",0.7451666987004154,0.7435716831177386,0.7509160560679995,0.759210091832,0.7515981623402117,0.7500925384116732,0.005529200950271571,44,0.8058730251701616,0.8054775697214152,0.8052132135745538,0.8038738734375092,0.8048577707287115,0.8050590905264702,0.000679210948629108,XGB
20.870754289627076,0.37219281383109926,0.599241304397583,0.022725439997390913,0.8,6.0,0.05,800,2,4,0.06,0.3,0.7,"{'subsample': 0.8, 'reg_lambda': 6.0, 'reg_alpha': 0.05, 'n_estimators': 800, 'min_child_weight': 2, 'max_depth': 4, 'learning_rate': 0.06, 'gamma': 0.3, 'colsample_bytree': 0.7}",0.7447862295326013,0.7450921017011195,0.7500902921185607,0.7598639907403157,0.750919910870441,0.7501505049926076,0.005464619134690687,40,0.8471603227668733,0.8462238862170672,0.8467553591781909,0.8451361638764278,0.8467578938083643,0.8464067251693846,0.0007015027449247142,XGB
26.49263153076172,0.5418198694220093,0.6936745166778564,0.06110214504918033,0.8,6.0,0.05,1100,3,4,0.07,0.1,0.65,"{'subsample': 0.8, 'reg_lambda': 6.0, 'reg_alpha': 0.05, 'n_estimators': 1100, 'min_child_weight': 3, 'max_depth': 4, 'learning_rate': 0.07, 'gamma': 0.1, 'colsample_bytree': 0.65}",0.7447284974098547,0.7433129489929252,0.749064955460715,0.7572719624309731,0.749837496621949,0.7488431721832833,0.004890731867058145,79,0.8822854597482767,0.8812920343457645,0.8819638858856853,0.8800835758768979,0.8825579918540033,0.8816365895421256,0.0008840483458493708,XGB
19.637848329544067,0.36967099080381943,0.5832523345947266,0.017744846151858198,0.8,8.0,0.0,950,3,3,0.07,0.2,0.7,"{'subsample': 0.8, 'reg_lambda': 8.0, 'reg_alpha': 0.0, 'n_estimators': 950, 'min_child_weight': 3, 'max_depth': 3, 'learning_rate': 0.07, 'gamma': 0.2, 'colsample_bytree': 0.7}",0.7457636582303198,0.7442920091176377,0.7515472850667198,0.7585025112304264,0.7521202433216568,0.750445141393352,0.005073839123317638,30,0.8131529648722129,0.8128235842684355,0.8122079331056479,0.8108008481738044,0.8120023202350036,0.8121975301310209,0.0008116322988458337,XGB
20.044327211380004,0.7131406520404291,0.6013368606567383,0.05888618241116544,0.8,4.0,0.0,950,2,3,0.07,0.3,0.7,"{'subsample': 0.8, 'reg_lambda': 4.0, 'reg_alpha': 0.0, 'n_estimators': 950, 'min_child_weight': 2, 'max_depth': 3, 'learning_rate': 0.07, 'gamma': 0.3, 'colsample_bytree': 0.7}",0.7458754211758203,0.7446155006976899,0.7512794068907144,0.7589844533166088,0.752479382415778,0.7506468328993223,0.005146214915240542,23,0.8149182968149441,0.8148945008969358,0.8143108291484638,0.8131377045389829,0.8139466696476348,0.8142416002093922,0.0006625043301250508,XGB
20.74987397193909,1.592461512787217,0.5971692562103271,0.06315842073550194,0.8,4.0,0.05,950,3,3,0.06,0.1,0.75,"{'subsample': 0.8, 'reg_lambda': 4.0, 'reg_alpha': 0.05, 'n_estimators': 950, 'min_child_weight': 3, 'max_depth': 3, 'learning_rate': 0.06, 'gamma': 0.1, 'colsample_bytree': 0.75}",0.7457389217185248,0.7448602249431931,0.751705505330947,0.7592940102692753,0.7519438708131287,0.7507085066150138,0.005198657070730084,19,0.8083003732420587,0.8083394839263469,0.8074894204523815,0.8062533258656173,0.8073001160181235,0.8075365439009057,0.0007658870982212739,XGB
17.77509174346924,0.6534570117611628,0.5470793724060059,0.011224419352239626,0.8,4.0,0.05,800,3,3,0.06,0.2,0.75,"{'subsample': 0.8, 'reg_lambda': 4.0, 'reg_alpha': 0.05, 'n_estimators': 800, 'min_child_weight': 3, 'max_depth': 3, 'learning_rate': 0.06, 'gamma': 0.2, 'colsample_bytree': 0.75}",0.744950605998655,0.7436187293936751,0.7510482513168025,0.758637133577063,0.7508594271845155,0.7498228294941423,0.005338493602654702,53,0.8010941565266118,0.8010056923843503,0.8001441482482691,0.7989836712967695,0.7999461583878095,0.800234765368762,0.0007732559025975686,XGB
17.848482513427733,0.49304294132964843,0.5826663017272949,0.057724744205216186,0.8,6.0,0.05,800,2,3,0.05,0.3,0.65,"{'subsample': 0.8, 'reg_lambda': 6.0, 'reg_alpha': 0.05, 'n_estimators': 800, 'min_child_weight': 2, 'max_depth': 3, 'learning_rate': 0.05, 'gamma': 0.3, 'colsample_bytree': 0.65}",0.7438108299222064,0.7427522887136351,0.7500473182098624,0.7576342118815615,0.7498489284567023,0.7488187154367936,0.005332245900608154,80,0.7932559445499534,0.7929007705885105,0.7916699739437214,0.790283684833492,0.7918418539905162,0.7919904455812388,0.001045752651444668,XGB
19.743840742111207,0.23001254100228952,0.5952006816864014,0.05899352826404313,0.8,6.0,0.05,950,3,3,0.06,0.2,0.65,"{'subsample': 0.8, 'reg_lambda': 6.0, 'reg_alpha': 0.05, 'n_estimators': 950, 'min_child_weight': 3, 'max_depth': 3, 'learning_rate': 0.06, 'gamma': 0.2, 'colsample_bytree': 0.65}",0.745488803567523,0.7448225185867968,0.7517696602572929,0.7592401042224364,0.7520885176856908,0.750681920863948,0.005247956865375162,21,0.8068292621213166,0.8062454527017888,0.805818759475387,0.8046817206831176,0.8057677252672484,0.8058685840497717,0.0007051569997313434,XGB
17.976926469802855,0.5015908346957832,0.5574090480804443,0.012819062309023814,0.8,8.0,0.0,800,3,3,0.05,0.2,0.75,"{'subsample': 0.8, 'reg_lambda': 8.0, 'reg_alpha': 0.0, 'n_estimators': 800, 'min_child_weight': 3, 'max_depth': 3, 'learning_rate': 0.05, 'gamma': 0.2, 'colsample_bytree': 0.75}",0.7438599664639789,0.7414052296411932,0.7493452546668095,0.7574046471784988,0.7498866606499116,0.7483803517200783,0.005544801595882148,89,0.7933138798601869,0.7929098113292687,0.7920482475807888,0.7906156856961712,0.7920382116689606,0.7921851672270753,0.0009276547293512102,XGB
17.71859269142151,1.2290008278504845,0.5548767566680908,0.016673465098523767,0.8,4.0,0.0,800,1,3,0.07,0.2,0.75,"{'subsample': 0.8, 'reg_lambda': 4.0, 'reg_alpha': 0.0, 'n_estimators': 800, 'min_child_weight': 1, 'max_depth': 3, 'learning_rate': 0.07, 'gamma': 0.2, 'colsample_bytree': 0.75}",0.7452482292644355,0.7430771058281199,0.7511863409460583,0.7598674682208251,0.751695582783922,0.7502149454086722,0.005863857366977686,37,0.8078294306353706,0.8071826521537231,0.8065091782036846,0.8055160658715775,0.8063944066823991,0.806686346709351,0.0007796325870606282,XGB
20.880430459976196,0.3537536965961427,0.594230318069458,0.011535326318673997,0.8,6.0,0.05,800,3,4,0.06,0.2,0.75,"{'subsample': 0.8, 'reg_lambda': 6.0, 'reg_alpha': 0.05, 'n_estimators': 800, 'min_child_weight': 3, 'max_depth': 4, 'learning_rate': 0.06, 'gamma': 0.2, 'colsample_bytree': 0.75}",0.7448433906559,0.7435790449320485,0.7504062023567324,0.7590527995757678,0.7501897929318424,0.7496142460904582,0.005463139306100309,60,0.8469704984408626,0.8469591460492951,0.847390129486015,0.8461999348401839,0.8472754191476555,0.8469590255928023,0.00041528444703817,XGB
20.129907846450806,0.2687971126618737,0.5813644409179688,0.02071192526126218,0.8,8.0,0.0,950,3,3,0.05,0.2,0.7,"{'subsample': 0.8, 'reg_lambda': 8.0, 'reg_alpha': 0.0, 'n_estimators': 950, 'min_child_weight': 3, 'max_depth': 3, 'learning_rate': 0.05, 'gamma': 0.2, 'colsample_bytree': 0.7}",0.7444946935287918,0.7441792571195218,0.7511356574324772,0.7582581493888914,0.751124256191394,0.7498384027322154,0.00519248649020605,52,0.7996137382548445,0.7991212170538773,0.798402405457721,0.7968459500599465,0.7981377357677679,0.7984242093188314,0.0009459644458858217,XGB
26.53872866630554,0.29628210519322923,0.6653766632080078,0.03595735472167082,0.8,8.0,0.05,1100,3,4,0.06,0.1,0.7,"{'subsample': 0.8, 'reg_lambda': 8.0, 'reg_alpha': 0.05, 'n_estimators': 1100, 'min_child_weight': 3, 'max_depth': 4, 'learning_rate': 0.06, 'gamma': 0.1, 'colsample_bytree': 0.7}",0.7453855036495531,0.7453465635264925,0.7512008831372788,0.7588438142148389,0.751559247191756,0.7504672023439838,0.004978816715066416,29,0.8691546171257443,0.8681579387136565,0.8685565915297848,0.8673568351398017,0.8681973234764242,0.8682846611970824,0.0005857161567657293,XGB
17.72878074645996,0.37139061135553336,0.5626242160797119,0.02331382794391719,0.8,4.0,0.05,800,1,3,0.06,0.3,0.7,"{'subsample': 0.8, 'reg_lambda': 4.0, 'reg_alpha': 0.05, 'n_estimators': 800, 'min_child_weight': 1, 'max_depth': 3, 'learning_rate': 0.06, 'gamma': 0.3, 'colsample_bytree': 0.7}",0.7451836757375707,0.7433888205445601,0.7513474472131716,0.7579320616564433,0.751107123736099,0.749791825777569,0.0051506684952422966,55,0.8009946223366781,0.8005998692422719,0.7999463591442855,0.7980421540162894,0.7996490254197213,0.7998464060318492,0.0010188603985352013,XGB
17.57906241416931,0.43260883551791857,0.5507588386535645,0.013421602289129359,0.8,4.0,0.05,800,2,3,0.05,0.2,0.7,"{'subsample': 0.8, 'reg_lambda': 4.0, 'reg_alpha': 0.05, 'n_estimators': 800, 'min_child_weight': 2, 'max_depth': 3, 'learning_rate': 0.05, 'gamma': 0.2, 'colsample_bytree': 0.7}",0.7437647115203727,0.7417948144073359,0.7496218928303734,0.7580737001514386,0.7500118193545755,0.7486533876528192,0.005700259780580927,82,0.7939775180327246,0.7937987102173947,0.7926987501857794,0.7911031937997224,0.792749499510919,0.7928655343493081,0.0010251292763941353,XGB
22.377158546447752,0.11981347223520666,0.5934010505676269,0.010349740982710342,0.8,8.0,0.05,1100,2,3,0.05,0.2,0.75,"{'subsample': 0.8, 'reg_lambda': 8.0, 'reg_alpha': 0.05, 'n_estimators': 1100, 'min_child_weight': 2, 'max_depth': 3, 'learning_rate': 0.05, 'gamma': 0.2, 'colsample_bytree': 0.75}",0.7458553852130516,0.744414396731436,0.7516906062135744,0.7589156379545072,0.7517322951881257,0.7505216642601389,0.005145167125147298,26,0.8058082371250228,0.8055197989354552,0.8047088910008329,0.8032143221326941,0.8047741183731562,0.8048050735134321,0.0009008738993072485,XGB
27.182796669006347,0.7323110705077537,0.647266960144043,0.01659579530672426,0.8,6.0,0.05,1100,1,4,0.07,0.1,0.75,"{'subsample': 0.8, 'reg_lambda': 6.0, 'reg_alpha': 0.05, 'n_estimators': 1100, 'min_child_weight': 1, 'max_depth': 4, 'learning_rate': 0.07, 'gamma': 0.1, 'colsample_bytree': 0.75}",0.7444613818288602,0.7441476686143526,0.7482923123205809,0.7574723917621444,0.7535076968575202,0.7495762902766916,0.005197791787800741,61,0.8845549278697388,0.8843603744428168,0.884187036332206,0.8830523428854327,0.8836245663978781,0.8839558495856146,0.0005480976865766927,XGB
22.216096448898316,0.05482740006834833,0.620964527130127,0.056016781648646895,0.8,4.0,0.05,1100,2,3,0.06,0.1,0.65,"{'subsample': 0.8, 'reg_lambda': 4.0, 'reg_alpha': 0.05, 'n_estimators': 1100, 'min_child_weight': 2, 'max_depth': 3, 'learning_rate': 0.06, 'gamma': 0.1, 'colsample_bytree': 0.65}",0.7461764602418693,0.744851456023101,0.7525416711282436,0.75897386790673,0.752396198226587,0.7509879307053062,0.005078958342895126,8,0.8143731857174014,0.8142588141326951,0.8135903963710368,0.8122325095222303,0.8132478828795643,0.8135405577245857,0.0007756667064511824,XGB
17.79827446937561,0.35347010928520456,0.5641170501708984,0.01780730511497552,0.8,8.0,0.05,800,3,3,0.05,0.2,0.75,"{'subsample': 0.8, 'reg_lambda': 8.0, 'reg_alpha': 0.05, 'n_estimators': 800, 'min_child_weight': 3, 'max_depth': 3, 'learning_rate': 0.05, 'gamma': 0.2, 'colsample_bytree': 0.75}",0.743863637174715,0.7419914727350314,0.7498232501695399,0.7576110218795731,0.7497238513351587,0.7486026466588036,0.005478387144324916,86,0.7934342641589089,0.7927692607930893,0.7919342790854069,0.7903923896852725,0.7918179537727305,0.7920696294990817,0.0010243539916551996,XGB
23.379592847824096,1.4380472522949477,0.6268750190734863,0.05187150819973647,0.8,4.0,0.0,1100,2,3,0.05,0.2,0.65,"{'subsample': 0.8, 'reg_lambda': 4.0, 'reg_alpha': 0.0, 'n_estimators': 1100, 'min_child_weight': 2, 'max_depth': 3, 'learning_rate': 0.05, 'gamma': 0.2, 'colsample_bytree': 0.65}",0.745825856384462,0.7451380671566725,0.7522332257455933,0.7591489248874408,0.7519513662623203,0.7508594880872976,0.005096395219204753,14,0.8064948171730864,0.806651980747588,0.8056099708284907,0.8037669588236358,0.8053840452264188,0.805581554559844,0.0010307701907926248,XGB
20.13416771888733,0.5039008259496313,0.5935951709747315,0.021167746850939494,0.8,8.0,0.0,950,1,3,0.07,0.3,0.75,"{'subsample': 0.8, 'reg_lambda': 8.0, 'reg_alpha': 0.0, 'n_estimators': 950, 'min_child_weight': 1, 'max_depth': 3, 'learning_rate': 0.07, 'gamma': 0.3, 'colsample_bytree': 0.75}",0.745686685465464,0.7444481672702097,0.7517743410888287,0.7593589708289354,0.7521005206022874,0.7506737370511452,0.005334955087720727,22,0.8136449768344164,0.8131205329276079,0.8126517648852323,0.8116494840367373,0.8127186868971411,0.812757089116227,0.0006572355651240024,XGB
20.6190176486969,0.6454825603275689,0.6181456565856933,0.04893212391404053,0.8,4.0,0.0,800,3,4,0.07,0.1,0.7,"{'subsample': 0.8, 'reg_lambda': 4.0, 'reg_alpha': 0.0, 'n_estimators': 800, 'min_child_weight': 3, 'max_depth': 4, 'learning_rate': 0.07, 'gamma': 0.1, 'colsample_bytree': 0.7}",0.7449495557675277,0.7433749738079494,0.7495739015597673,0.7580387417843248,0.7511845155237382,0.7494243376886615,0.005175848334118513,68,0.8599038800679614,0.8593134205892817,0.8595554971201962,0.8579724985296977,0.8590119282487432,0.8591514449111761,0.0006580322853136756,XGB
26.563588905334473,0.4991263870686464,0.677196455001831,0.02764222238497149,0.8,4.0,0.0,1100,3,4,0.06,0.3,0.65,"{'subsample': 0.8, 'reg_lambda': 4.0, 'reg_alpha': 0.0, 'n_estimators': 1100, 'min_child_weight': 3, 'max_depth': 4, 'learning_rate': 0.06, 'gamma': 0.3, 'colsample_bytree': 0.65}",0.744517798613593,0.7454876105865337,0.7502304519194979,0.758437479285536,0.7519651130181166,0.7501276906846555,0.005008802245251189,43,0.8723065590590134,0.8720381583631855,0.8722775299586022,0.8709224785560218,0.8719859569889129,0.8719061365851472,0.000507869148584567,XGB
23.74473123550415,0.5404409773217685,0.653079891204834,0.05007697066177844,0.8,4.0,0.05,950,1,4,0.05,0.2,0.65,"{'subsample': 0.8, 'reg_lambda': 4.0, 'reg_alpha': 0.05, 'n_estimators': 950, 'min_child_weight': 1, 'max_depth': 4, 'learning_rate': 0.05, 'gamma': 0.2, 'colsample_bytree': 0.65}",0.745540111946481,0.7443528817373475,0.7509206859100851,0.7591601425665031,0.7525924566207252,0.7505132557562283,0.005328040812152827,27,0.8484000368130551,0.8477778929956152,0.8481142976085378,0.846271320656401,0.8470976113675837,0.8475322318882386,0.0007656405686102826,XGB
17.392852973937988,0.18241728238515129,0.5529663562774658,0.008525675385435234,0.8,4.0,0.05,800,1,3,0.05,0.3,0.65,"{'subsample': 0.8, 'reg_lambda': 4.0, 'reg_alpha': 0.05, 'n_estimators': 800, 'min_child_weight': 1, 'max_depth': 3, 'learning_rate': 0.05, 'gamma': 0.3, 'colsample_bytree': 0.65}",0.7441354023226423,0.7429901303765079,0.7497119809911329,0.7576062492670267,0.7501873148445586,0.7489262155603736,0.0052103700953831265,77,0.7938892266109949,0.793324411988564,0.7924807942971395,0.7906591842072592,0.7923234018573606,0.7925354037922636,0.0010975880016528142,XGB
22.457949304580687,0.6465691204148045,0.6320713520050049,0.05130651326514375,0.8,8.0,0.0,1100,3,3,0.06,0.1,0.75,"{'subsample': 0.8, 'reg_lambda': 8.0, 'reg_alpha': 0.0, 'n_estimators': 1100, 'min_child_weight': 3, 'max_depth': 3, 'learning_rate': 0.06, 'gamma': 0.1, 'colsample_bytree': 0.75}",0.7464878180836546,0.7461438520948287,0.7527652394719532,0.7587247640463188,0.752974765321055,0.7514192878035619,0.004685097541138234,3,0.813470128207073,0.8131331695696251,0.8123437560147277,0.8110578279347473,0.8130850470713391,0.8126179857595025,0.0008624386087417895,XGB
21.108163022994994,1.0596294968712177,0.6463734626770019,0.053581944344043966,0.8,8.0,0.05,800,3,4,0.06,0.1,0.65,"{'subsample': 0.8, 'reg_lambda': 8.0, 'reg_alpha': 0.05, 'n_estimators': 800, 'min_child_weight': 3, 'max_depth': 4, 'learning_rate': 0.06, 'gamma': 0.1, 'colsample_bytree': 0.65}",0.7449351584243067,0.7432758136359765,0.750476628985463,0.7579223838587796,0.7506725814428995,0.749456513269485,0.005154301510519739,67,0.844584039883529,0.8434761887219739,0.8446029833559497,0.8429988651841873,0.8445575983713105,0.8440439351033902,0.0006756634020965231,XGB
22.56791744232178,0.20115448628803995,0.6204721927642822,0.041630354176032454,0.8,4.0,0.05,1100,3,3,0.05,0.1,0.65,"{'subsample': 0.8, 'reg_lambda': 4.0, 'reg_alpha': 0.05, 'n_estimators': 1100, 'min_child_weight': 3, 'max_depth': 3, 'learning_rate': 0.05, 'gamma': 0.1, 'colsample_bytree': 0.65}",0.745579531301221,0.7452933790064915,0.752206854001907,0.758975122247207,0.7517000188660967,0.7507509810845846,0.0050435314974634085,17,0.8064985016653191,0.806465311917347,0.8054163670190378,0.8038108180590584,0.8053794488591042,0.8055140895039733,0.000980071710180976,XGB
20.401414489746095,0.6522741358306943,0.6091082096099854,0.045906318005776,0.8,8.0,0.05,950,1,3,0.06,0.1,0.7,"{'subsample': 0.8, 'reg_lambda': 8.0, 'reg_alpha': 0.05, 'n_estimators': 950, 'min_child_weight': 1, 'max_depth': 3, 'learning_rate': 0.06, 'gamma': 0.1, 'colsample_bytree': 0.7}",0.745415481120566,0.7441705187886859,0.751637872924092,0.7582460852849546,0.7517275123776891,0.7502394940991975,0.005067123971021171,35,0.806828805144854,0.8064353006095697,0.805512743511232,0.8041327129044733,0.8052877394769828,0.8056394603294225,0.0009442410025139545,XGB
17.935366582870483,0.30602708040265936,0.6078845500946045,0.04825988308737473,0.8,6.0,0.05,800,1,3,0.07,0.1,0.75,"{'subsample': 0.8, 'reg_lambda': 6.0, 'reg_alpha': 0.05, 'n_estimators': 800, 'min_child_weight': 1, 'max_depth': 3, 'learning_rate': 0.07, 'gamma': 0.1, 'colsample_bytree': 0.75}",0.7453190739816454,0.7435504541739805,0.7509291705546122,0.7588805674106027,0.7519680602083427,0.7501294652658368,0.0054226377329381565,41,0.8066401681928321,0.8064632666768047,0.805593436780065,0.8045470073518934,0.8056661890149626,0.8057820136033115,0.0007449499371411281,XGB
19.95111289024353,0.19125746439279628,0.5739298820495605,0.007890794916913824,0.8,6.0,0.05,950,2,3,0.05,0.1,0.7,"{'subsample': 0.8, 'reg_lambda': 6.0, 'reg_alpha': 0.05, 'n_estimators': 950, 'min_child_weight': 2, 'max_depth': 3, 'learning_rate': 0.05, 'gamma': 0.1, 'colsample_bytree': 0.7}",0.7445409036983941,0.7437091920204867,0.7504381319504995,0.7582815433486811,0.7508772327005542,0.749569400743723,0.005253463161017492,62,0.8001011090697655,0.7994611788616073,0.798854770343514,0.7974297562650678,0.7987523928259961,0.7989198414731901,0.0008878137790828129,XGB
18.052403354644774,0.8570670060793648,0.6042810916900635,0.05153197501166626,0.8,6.0,0.05,800,1,3,0.06,0.2,0.65,"{'subsample': 0.8, 'reg_lambda': 6.0, 'reg_alpha': 0.05, 'n_estimators': 800, 'min_child_weight': 1, 'max_depth': 3, 'learning_rate': 0.06, 'gamma': 0.2, 'colsample_bytree': 0.65}",0.7445172582034012,0.7444344224977861,0.7511445397947165,0.7588367572749197,0.7512885034086447,0.7500442962358936,0.005330755880180116,46,0.8000146200600813,0.7993501106367422,0.7987819167743954,0.7969732443240727,0.7983669187233264,0.7986973621037237,0.0010247120189628598,XGB
28.208598375320435,2.672758337786415,0.6862000942230224,0.04720594106051342,0.8,6.0,0.05,1100,1,4,0.07,0.2,0.7,"{'subsample': 0.8, 'reg_lambda': 6.0, 'reg_alpha': 0.05, 'n_estimators': 1100, 'min_child_weight': 1, 'max_depth': 4, 'learning_rate': 0.07, 'gamma': 0.2, 'colsample_bytree': 0.7}",0.7456242833829475,0.742913443111376,0.748418042107088,0.7568074995283476,0.7507882255161407,0.7489102987291799,0.0047517340038771986,78,0.8835050649180636,0.8830426850432814,0.8829942834752821,0.8817918611667637,0.8834016999421057,0.8829471189090992,0.0006105612988096259,XGB
19.717459678649902,0.3495783494733444,0.5961613178253173,0.04938805098485831,0.8,4.0,0.05,950,2,3,0.07,0.2,0.65,"{'subsample': 0.8, 'reg_lambda': 4.0, 'reg_alpha': 0.05, 'n_estimators': 950, 'min_child_weight': 2, 'max_depth': 3, 'learning_rate': 0.07, 'gamma': 0.2, 'colsample_bytree': 0.65}",0.74545249412049,0.7445677712616997,0.751662409047568,0.7596215766957817,0.7516773081649407,0.7505963118580959,0.005414105360321057,25,0.8146490076599964,0.8145254449210795,0.8134424719890544,0.8121824236494443,0.813364388554408,0.8136327473547965,0.0008990388160289187,XGB
22.87705578804016,0.6179114346905138,0.6579183101654053,0.049918797039822244,0.8,8.0,0.05,1100,1,3,0.07,0.3,0.65,"{'subsample': 0.8, 'reg_lambda': 8.0, 'reg_alpha': 0.05, 'n_estimators': 1100, 'min_child_weight': 1, 'max_depth': 3, 'learning_rate': 0.07, 'gamma': 0.3, 'colsample_bytree': 0.65}",0.7460016324466358,0.7450877682231669,0.7523324512158435,0.7592478750146594,0.7530949270595914,0.7511529307919793,0.0051771191126126475,7,0.8198159640425171,0.8200730486754502,0.818430585293715,0.8175792624806159,0.8188540960566839,0.8189505913097964,0.0009131309711780277,XGB
26.859937381744384,0.4239886431700267,0.6643760681152344,0.041812046695812045,0.8,6.0,0.0,1100,1,4,0.05,0.3,0.75,"{'subsample': 0.8, 'reg_lambda': 6.0, 'reg_alpha': 0.0, 'n_estimators': 1100, 'min_child_weight': 1, 'max_depth': 4, 'learning_rate': 0.05, 'gamma': 0.3, 'colsample_bytree': 0.75}",0.746088108273731,0.7462319797417553,0.7514568501776981,0.759359960024271,0.7516539549967112,0.7509581706428333,0.004845147053867668,11,0.858366346749151,0.8578955762256497,0.8582679744602072,0.8567736254682088,0.8581243577386077,0.8578855761283648,0.0005780864648068353,XGB
21.092900371551515,0.6046979535808662,0.6251131057739258,0.047173525985246774,0.8,6.0,0.05,800,3,4,0.05,0.3,0.65,"{'subsample': 0.8, 'reg_lambda': 6.0, 'reg_alpha': 0.05, 'n_estimators': 800, 'min_child_weight': 3, 'max_depth': 4, 'learning_rate': 0.05, 'gamma': 0.3, 'colsample_bytree': 0.65}",0.7446326510739633,0.7430323435499748,0.7500843467486578,0.7585786384796985,0.7512634064012156,0.749518277250702,0.005502594572335035,66,0.8352058790499938,0.8340581676862702,0.8344455494902315,0.8326462335663298,0.8341738233694813,0.8341059306324613,0.0008322059525654802,XGB
27.405497217178343,0.7624101942833375,0.6674449443817139,0.03294744968325938,0.8,8.0,0.05,1100,3,4,0.07,0.2,0.75,"{'subsample': 0.8, 'reg_lambda': 8.0, 'reg_alpha': 0.05, 'n_estimators': 1100, 'min_child_weight': 3, 'max_depth': 4, 'learning_rate': 0.07, 'gamma': 0.2, 'colsample_bytree': 0.75}",0.7444114703592657,0.7444533776401714,0.7486362871521882,0.7567367261713551,0.750642579250353,0.7489760881146668,0.004569700334494044,76,0.8814649314223005,0.8814370080571898,0.8815912104863457,0.880643028728188,0.8810563773895439,0.8812385112167135,0.0003472278805384762,XGB
20.597831821441652,0.49823112243564077,0.6240609169006348,0.04959653534935842,0.8,8.0,0.05,800,1,4,0.07,0.2,0.65,"{'subsample': 0.8, 'reg_lambda': 8.0, 'reg_alpha': 0.05, 'n_estimators': 800, 'min_child_weight': 1, 'max_depth': 4, 'learning_rate': 0.07, 'gamma': 0.2, 'colsample_bytree': 0.65}",0.7450865548493403,0.7437019219739451,0.750499186718268,0.758360138487347,0.7522745272003222,0.7499844658458444,0.005274866830800765,48,0.854826121411954,0.8541496980959824,0.8549398399760572,0.8532302634715243,0.8550253067877612,0.8544342459486558,0.0006766218885764576,XGB
20.646858882904052,0.5077617003589863,0.6130577564239502,0.03777759023956562,0.8,6.0,0.0,800,2,4,0.06,0.3,0.65,"{'subsample': 0.8, 'reg_lambda': 6.0, 'reg_alpha': 0.0, 'n_estimators': 800, 'min_child_weight': 2, 'max_depth': 4, 'learning_rate': 0.06, 'gamma': 0.3, 'colsample_bytree': 0.65}",0.7456487547878559,0.7441803787255803,0.749482242923939,0.7589336066367869,0.7519226999933712,0.7500335366135067,0.005226277419862478,47,0.846205394285283,0.8458042186639385,0.8466159506947194,0.8447055157427492,0.8463300518040933,0.8459322262381568,0.0006665687772444174,XGB
23.143542432785033,0.36454169771861156,0.6396488189697266,0.03755897118314506,0.8,8.0,0.0,950,1,4,0.07,0.2,0.65,"{'subsample': 0.8, 'reg_lambda': 8.0, 'reg_alpha': 0.0, 'n_estimators': 950, 'min_child_weight': 1, 'max_depth': 4, 'learning_rate': 0.07, 'gamma': 0.2, 'colsample_bytree': 0.65}",0.7443541562896864,0.744349149848099,0.7505762725692054,0.7564061615651722,0.7512028207363897,0.7493777122017106,0.0045757889356486834,71,0.8686139221926509,0.8671783481620179,0.8681294907311692,0.8669140906317978,0.8682537985037206,0.8678179300442714,0.0006552321029211264,XGB
17.969542074203492,0.5485613870205921,0.5991602897644043,0.046325532122806184,0.8,8.0,0.0,800,1,3,0.05,0.2,0.75,"{'subsample': 0.8, 'reg_lambda': 8.0, 'reg_alpha': 0.0, 'n_estimators': 800, 'min_child_weight': 1, 'max_depth': 3, 'learning_rate': 0.05, 'gamma': 0.2, 'colsample_bytree': 0.75}",0.7444441906669121,0.741507958559715,0.7494561669190645,0.7571770812618869,0.7500928925805253,0.7485356579976207,0.005367963795717109,87,0.7933038703548215,0.7929719696883752,0.7922011233185211,0.790509581118745,0.792015681056466,0.7922004451073857,0.0009701501634607227,XGB
19.924219131469727,0.3342107203832485,0.5986264228820801,0.04855241348394584,0.8,6.0,0.05,950,2,3,0.07,0.2,0.65,"{'subsample': 0.8, 'reg_lambda': 6.0, 'reg_alpha': 0.05, 'n_estimators': 950, 'min_child_weight': 2, 'max_depth': 3, 'learning_rate': 0.07, 'gamma': 0.2, 'colsample_bytree': 0.65}",0.746321871369119,0.7451761711733987,0.7521850815066363,0.7591003421392113,0.7515940729862992,0.7508755078349328,0.004961799307821894,12,0.8135185434930058,0.8132731828238545,0.8126950409708915,0.8114906786537615,0.812276645355464,0.8126508182593956,0.0007250061581735203,XGB
26.358494806289674,0.25625502616128704,0.6641494274139405,0.03519381585506844,0.8,4.0,0.05,1100,3,4,0.07,0.3,0.7,"{'subsample': 0.8, 'reg_lambda': 4.0, 'reg_alpha': 0.05, 'n_estimators': 1100, 'min_child_weight': 3, 'max_depth': 4, 'learning_rate': 0.07, 'gamma': 0.3, 'colsample_bytree': 0.7}",0.7442759395617479,0.7440169505264667,0.7487585904476364,0.7578223017657646,0.7507454453673534,0.7491238455337939,0.005059816341475994,74,0.8854303494576129,0.8851305244598404,0.885517870130572,0.8845801213359394,0.8854554374158576,0.8852228605599646,0.0003480844577917806,XGB
22.67388696670532,0.5431593557472963,0.6203157424926757,0.02608823128216793,0.8,8.0,0.0,1100,2,3,0.07,0.1,0.7,"{'subsample': 0.8, 'reg_lambda': 8.0, 'reg_alpha': 0.0, 'n_estimators': 1100, 'min_child_weight': 2, 'max_depth': 3, 'learning_rate': 0.07, 'gamma': 0.1, 'colsample_bytree': 0.7}",0.7466400506150225,0.7454483033923995,0.7518647963736302,0.7598692018621347,0.7535587780888136,0.7514762260664,0.005189498959971833,2,0.8204821872869275,0.8201245563599843,0.8191970575856249,0.8181793815833784,0.8191566641080307,0.8194279693847891,0.0008102477533720504,XGB
17.489641761779787,0.5776921963051186,0.5900637626647949,0.08845103158661809,0.8,4.0,0.05,800,3,3,0.05,0.1,0.7,"{'subsample': 0.8, 'reg_lambda': 4.0, 'reg_alpha': 0.05, 'n_estimators': 800, 'min_child_weight': 3, 'max_depth': 3, 'learning_rate': 0.05, 'gamma': 0.1, 'colsample_bytree': 0.7}",0.7440360076330391,0.7412974331025715,0.7496560659599529,0.7579531916846405,0.750266022160015,0.7486417441080437,0.0057536405275855525,84,0.7942394299177201,0.7937898747017703,0.7927183019545649,0.79097742146088,0.7927778119099194,0.792900567988971,0.0011251844492734858,XGB
22.225793170928956,0.41742478444582304,0.6037683010101318,0.01401770233695358,0.8,8.0,0.05,1100,2,3,0.07,0.2,0.7,"{'subsample': 0.8, 'reg_lambda': 8.0, 'reg_alpha': 0.05, 'n_estimators': 1100, 'min_child_weight': 2, 'max_depth': 3, 'learning_rate': 0.07, 'gamma': 0.2, 'colsample_bytree': 0.7}",0.7466698751397546,0.7453275777948511,0.7533772250521367,0.7594965505636883,0.7529633538820817,0.7515669164865024,0.005118920049415546,1,0.8202047732561824,0.8197754365399909,0.819438290390992,0.8182053824149564,0.8194082017751716,0.8194064168754587,0.0006658905774415173,XGB
17.42040286064148,0.3956381796253489,0.5570298671722412,0.013941197817608933,0.8,4.0,0.05,800,3,3,0.06,0.2,0.65,"{'subsample': 0.8, 'reg_lambda': 4.0, 'reg_alpha': 0.05, 'n_estimators': 800, 'min_child_weight': 3, 'max_depth': 3, 'learning_rate': 0.06, 'gamma': 0.2, 'colsample_bytree': 0.65}",0.7450907251845934,0.7428430878222643,0.750716320193352,0.7588260698861404,0.7511984866331156,0.7497349379438931,0.005564531896382032,56,0.8008272096150397,0.8002030702699781,0.799371274692728,0.7982111743986164,0.7994949795585296,0.7996215417069784,0.000878589559971139,XGB
27.095428228378296,0.82478356857892,0.6553328514099122,0.03233952581382496,0.8,8.0,0.05,1100,1,4,0.06,0.3,0.75,"{'subsample': 0.8, 'reg_lambda': 8.0, 'reg_alpha': 0.05, 'n_estimators': 1100, 'min_child_weight': 1, 'max_depth': 4, 'learning_rate': 0.06, 'gamma': 0.3, 'colsample_bytree': 0.75}",0.7451683199309906,0.7449130831777955,0.7504059983989313,0.7589712980384359,0.7511879930042475,0.7501293385100802,0.005122471344319268,42,0.8702104430785148,0.8693296716155666,0.8695693327466572,0.8684898294857346,0.8697365756375197,0.8694671705127985,0.000567374969508142,XGB
23.19760708808899,2.0743015208562015,0.6013995170593261,0.01165835264729759,0.8,6.0,0.0,1100,3,3,0.06,0.2,0.7,"{'subsample': 0.8, 'reg_lambda': 6.0, 'reg_alpha': 0.0, 'n_estimators': 1100, 'min_child_weight': 3, 'max_depth': 3, 'learning_rate': 0.06, 'gamma': 0.2, 'colsample_bytree': 0.7}",0.7454354966904972,0.7458386630863643,0.7524785359909034,0.7588965780979915,0.7533202494403908,0.7511939046612295,0.005046596328794346,6,0.8141475094527844,0.8135246173921545,0.8131070506184191,0.8115695925191637,0.812826698342427,0.8130350936649897,0.0008571350402850495,XGB
19.852162456512453,0.47727513240842845,0.5919313430786133,0.032184109168540614,0.8,8.0,0.05,950,3,3,0.06,0.2,0.65,"{'subsample': 0.8, 'reg_lambda': 8.0, 'reg_alpha': 0.05, 'n_estimators': 950, 'min_child_weight': 3, 'max_depth': 3, 'learning_rate': 0.06, 'gamma': 0.2, 'colsample_bytree': 0.65}",0.7457802987856574,0.744778521040055,0.7512835472340773,0.7600031919395878,0.7519195284495637,0.7507530174897883,0.00543379197465016,16,0.8064043179878045,0.8059921653711777,0.8048901065424177,0.8036406001484195,0.8051300525943728,0.8052114485288383,0.0009601986189008316,XGB
26.100003719329834,0.6266007286897184,0.6806832313537597,0.033749568382400535,0.8,4.0,0.0,1100,3,4,0.07,0.1,0.65,"{'subsample': 0.8, 'reg_lambda': 4.0, 'reg_alpha': 0.0, 'n_estimators': 1100, 'min_child_weight': 3, 'max_depth': 4, 'learning_rate': 0.07, 'gamma': 0.1, 'colsample_bytree': 0.65}",0.7449184159047817,0.7432814318626869,0.7477510797016098,0.7568090496076363,0.749435883315742,0.7484391720784913,0.004701484072735129,88,0.8848576234700052,0.8846468107313116,0.8844439319666257,0.8833265297069873,0.8843333068632202,0.88432164054763,0.0005288383913214612,XGB
17.14176721572876,0.19135100378977407,0.5543861865997315,0.012176562721805267,0.8,8.0,0.05,800,2,3,0.07,0.1,0.65,"{'subsample': 0.8, 'reg_lambda': 8.0, 'reg_alpha': 0.05, 'n_estimators': 800, 'min_child_weight': 2, 'max_depth': 3, 'learning_rate': 0.07, 'gamma': 0.1, 'colsample_bytree': 0.65}",0.7448102726879239,0.743932646536557,0.7513089195845379,0.7594227382354592,0.7514708620786359,0.7501890878246228,0.005589847550409609,38,0.805154709795727,0.805057217022265,0.8038790083420371,0.8027245196694184,0.8038978953838247,0.8041426700426545,0.0008945617079666595,XGB
20.962488460540772,0.7009636894962894,0.6376033782958984,0.04336787137674867,0.8,4.0,0.05,800,3,4,0.06,0.3,0.75,"{'subsample': 0.8, 'reg_lambda': 4.0, 'reg_alpha': 0.05, 'n_estimators': 800, 'min_child_weight': 3, 'max_depth': 4, 'learning_rate': 0.06, 'gamma': 0.3, 'colsample_bytree': 0.75}",0.7465388205700512,0.7444185160845956,0.748819471851274,0.7572337815306014,0.751406146268337,0.7496833472609719,0.004434633473668614,59,0.8498420461175292,0.8487441700447022,0.8488705402426873,0.8479304237962834,0.8494837155269264,0.8489741791456258,0.0006581627219435421,XGB
26.498833990097047,0.3936449287381985,0.685076093673706,0.04106049838664902,0.8,8.0,0.0,1100,1,4,0.07,0.2,0.75,"{'subsample': 0.8, 'reg_lambda': 8.0, 'reg_alpha': 0.0, 'n_estimators': 1100, 'min_child_weight': 1, 'max_depth': 4, 'learning_rate': 0.07, 'gamma': 0.2, 'colsample_bytree': 0.75}",0.7453000372679104,0.7425421507204024,0.7490014328035529,0.757687842585369,0.7519573422258934,0.7492977611206256,0.005275883186618135,73,0.8819804257287053,0.8821010961953937,0.8819689787269517,0.8806114997643183,0.8818651487522634,0.8817054298335265,0.0005520553886747911,XGB
17.248791551589967,0.10374594656364954,0.6014491558074951,0.036149394667722136,0.8,6.0,0.0,800,2,3,0.07,0.2,0.75,"{'subsample': 0.8, 'reg_lambda': 6.0, 'reg_alpha': 0.0, 'n_estimators': 800, 'min_child_weight': 2, 'max_depth': 3, 'learning_rate': 0.07, 'gamma': 0.2, 'colsample_bytree': 0.75}",0.7453871554693845,0.7432946158320812,0.750698841009795,0.7583211519536607,0.7519625839413825,0.7499328696412608,0.005287715260819882,51,0.8071771607880289,0.8063778235504891,0.8059896025990507,0.8046092673523063,0.8056917233267299,0.8059691155233211,0.0008429672368803554,XGB
24.107471990585328,1.0940162984474149,0.6184489250183105,0.005538678211072187,0.8,4.0,0.05,950,3,4,0.05,0.3,0.75,"{'subsample': 0.8, 'reg_lambda': 4.0, 'reg_alpha': 0.05, 'n_estimators': 950, 'min_child_weight': 3, 'max_depth': 4, 'learning_rate': 0.05, 'gamma': 0.3, 'colsample_bytree': 0.75}",0.7448005453044728,0.7438005213428888,0.7518648167694103,0.757814061870599,0.7514029543287494,0.749936579923224,0.005137180930621485,50,0.8495116228171088,0.8485061637010785,0.8489403467746274,0.8476746791656586,0.8488864548139874,0.8487038534544922,0.0006066373950789575,XGB
23.532182741165162,0.287070223409131,0.6259037017822265,0.007196071270909312,0.8,8.0,0.0,950,2,4,0.07,0.1,0.75,"{'subsample': 0.8, 'reg_lambda': 8.0, 'reg_alpha': 0.0, 'n_estimators': 950, 'min_child_weight': 2, 'max_depth': 4, 'learning_rate': 0.07, 'gamma': 0.1, 'colsample_bytree': 0.75}",0.7451871221270954,0.7441743526421215,0.7503475950825773,0.7556577384139223,0.7522476659579134,0.7495228948447259,0.004316170582172869,64,0.8696718169677335,0.8691870924098184,0.87013792288555,0.8689190793346255,0.8690762531729084,0.8693984329541271,0.00044717529162411425,XGB
17.438540601730345,0.1656174455989204,0.5623769283294677,0.012102727286505528,0.8,4.0,0.05,800,1,3,0.05,0.3,0.7,"{'subsample': 0.8, 'reg_lambda': 4.0, 'reg_alpha': 0.05, 'n_estimators': 800, 'min_child_weight': 1, 'max_depth': 3, 'learning_rate': 0.05, 'gamma': 0.3, 'colsample_bytree': 0.7}",0.7440128719589818,0.7415298808599456,0.7497894441640024,0.757655719231691,0.7501660012543405,0.7486307834937922,0.0056017279182927265,85,0.7942219889680655,0.7936356703207363,0.7927527530404728,0.7910151420093952,0.7927062973546287,0.7928663703386597,0.0010858271417265896,XGB
20.136776876449584,0.23209924794766276,0.5912920475006104,0.008849924191674062,0.8,6.0,0.0,800,2,4,0.07,0.1,0.7,"{'subsample': 0.8, 'reg_lambda': 6.0, 'reg_alpha': 0.0, 'n_estimators': 800, 'min_child_weight': 2, 'max_depth': 4, 'learning_rate': 0.07, 'gamma': 0.1, 'colsample_bytree': 0.7}",0.7440964723960003,0.7436721586277252,0.7497543634222079,0.7589519628388887,0.7512898189364621,0.7495529552442568,0.005581318453944751,63,0.8577074300293828,0.8569944320254204,0.8570255334195163,0.8561636954283354,0.8576493449730451,0.8571080871751399,0.0005592459651679304,XGB
17.277605295181274,0.4860399800447723,0.5623393058776855,0.008905689254705118,0.8,6.0,0.0,800,1,3,0.07,0.3,0.7,"{'subsample': 0.8, 'reg_lambda': 6.0, 'reg_alpha': 0.0, 'n_estimators': 800, 'min_child_weight': 1, 'max_depth': 3, 'learning_rate': 0.07, 'gamma': 0.3, 'colsample_bytree': 0.7}",0.7448848696872199,0.7441950309792691,0.7514119284719992,0.7586610782229157,0.7519955435220452,0.7502296901766898,0.005302611573628833,36,0.8061188829685191,0.8057000006245983,0.805547213079482,0.8042389997560331,0.8052480126383531,0.8053706218133971,0.0006316915581687039,XGB
22.651304912567138,0.3290911800073809,0.6163416385650635,0.03376348309001811,0.8,8.0,0.05,1100,2,3,0.05,0.3,0.7,"{'subsample': 0.8, 'reg_lambda': 8.0, 'reg_alpha': 0.05, 'n_estimators': 1100, 'min_child_weight': 2, 'max_depth': 3, 'learning_rate': 0.05, 'gamma': 0.3, 'colsample_bytree': 0.7}",0.7453761739264319,0.7455912367899022,0.7513295907076825,0.759038247186657,0.7523845726319225,0.7507439642485192,0.0050436783577054,18,0.8056299436472177,0.805045044367507,0.8043222365775495,0.802972481959322,0.8042122844863298,0.8044363982075851,0.0008945738073754999,XGB
23.339662742614745,0.2793466551761737,0.633670711517334,0.007060631905952265,0.8,6.0,0.05,950,1,4,0.07,0.2,0.7,"{'subsample': 0.8, 'reg_lambda': 6.0, 'reg_alpha': 0.05, 'n_estimators': 950, 'min_child_weight': 1, 'max_depth': 4, 'learning_rate': 0.07, 'gamma': 0.2, 'colsample_bytree': 0.7}",0.7459102725349775,0.7428287720503927,0.7488878589019932,0.7576573916856603,0.7513779389044406,0.7493324468154929,0.005053621783365392,72,0.8717471472113028,0.8705193789250105,0.870884448268944,0.8693072403874613,0.870722943826681,0.8706362317238799,0.0007852561634385216,XGB
20.2522732257843,0.3774880125492625,0.6034659385681153,0.031861401037138214,0.8,6.0,0.05,800,2,4,0.06,0.2,0.7,"{'subsample': 0.8, 'reg_lambda': 6.0, 'reg_alpha': 0.05, 'n_estimators': 800, 'min_child_weight': 2, 'max_depth': 4, 'learning_rate': 0.06, 'gamma': 0.2, 'colsample_bytree': 0.7}",0.7448039203190664,0.7450921017011195,0.7501489095906055,0.7598639907403157,0.7510064807591309,0.7501830806220476,0.005463563088344971,39,0.8470216747059257,0.8462238862170672,0.8466727698759746,0.8451361638764278,0.8471250818640296,0.8464359153078851,0.0007222845450173024,XGB
23.047751712799073,0.40870877711043496,0.6304621696472168,0.032356823388117115,0.8,4.0,0.05,950,1,4,0.06,0.2,0.65,"{'subsample': 0.8, 'reg_lambda': 4.0, 'reg_alpha': 0.05, 'n_estimators': 950, 'min_child_weight': 1, 'max_depth': 4, 'learning_rate': 0.06, 'gamma': 0.2, 'colsample_bytree': 0.65}",0.745759049449062,0.744105333083861,0.7498655306217143,0.7577432783157164,0.7511528408772224,0.7497252064695152,0.004767823096178792,57,0.8612232246528158,0.8607143102975982,0.8608001891827057,0.8596048934104205,0.8606290802957073,0.8605943395678495,0.0005352521100657307,XGB
